<?xml version="1.0" encoding="UTF-8"?>
<beans:beans xmlns="http://www.springframework.org/schema/security"
	xmlns:mvc="http://www.springframework.org/schema/mvc" xmlns:context="http://www.springframework.org/schema/context"
	xmlns:xsi="http://www.w3.org/2001/XMLSchema-instance" xmlns:tx="http://www.springframework.org/schema/tx"
	xmlns:security="http://www.springframework.org/schema/security"
	xmlns:beans="http://www.springframework.org/schema/beans"
	xsi:schemaLocation="http://www.springframework.org/schema/beans
http://www.springframework.org/schema/beans/spring-beans.xsd
http://www.springframework.org/schema/mvc
http://www.springframework.org/schema/mvc/spring-mvc.xsd
http://www.springframework.org/schema/context
http://www.springframework.org/schema/context/spring-context.xsd
http://www.springframework.org/schema/tx
http://www.springframework.org/schema/tx/spring-tx-4.2.xsd
http://www.springframework.org/schema/security
http://www.springframework.org/schema/security/spring-security.xsd">
	<security:http auto-config="true" use-expressions="true">

		<security:intercept-url pattern="/admin/**"
			access="hasRole('ROLE_ADMIN')" />
		<security:intercept-url pattern="/addproduct/**"
			access="hasRole('ROLE_ADMIN')" />
		<security:intercept-url pattern="/editproduct/**"
			access="hasRole('ROLE_ADMIN')" />
		<security:intercept-url pattern="/removeproduct/**"
			access="hasRole('ROLE_ADMIN')" />
		

<!-- 		 <security:intercept-url pattern="/snap.pro/**" -->
<!-- 			access="hasRole('ROLE_USER')" /> -->
		<security:intercept-url pattern="/viewcart/**"
			access="hasRole('ROLE_USER')" />
		
 
		<security:form-login login-page="/log"
			                 login-processing-url="/perform_login"
			                 authentication-failure-url="/log?error"
			                 authentication-success-forward-url="/login_session_attributes" 
			                 username-parameter="username"
			                 password-parameter="password"
			
			/>

		<security:logout logout-url="/perform_logout"
			 logout-success-url="/log" />
		<security:csrf disabled="true" />


	</security:http>
<!-- <http auto-config="true" use-expressions="true"> -->
<!-- 		<intercept-url pattern="/admin" access="hasRole('ROLE_ADMIN')" /> -->
<!-- 		<logout logout-success-url="/"/> -->
		
		
<!-- 		<form-login login-page="/log" -->
<!-- 		default-target-url="/" -->
<!-- 		login-processing-url="/j_spring_security_check" -->
<!-- 		authentication-failure-url="/login?error" -->
<!-- 		authentication-success-forward-url="/login_session_attributes" -->
<!-- 		username-parameter="username" -->
<!-- 		password-parameter="password" /> -->
<!-- 	<csrf disabled="true"/> -->
<!-- 	</http> -->


	<security:authentication-manager>
		<security:authentication-provider>
			<security:jdbc-user-service
				data-source-ref="dataSource"
				users-by-username-query="select user_credentialname,user_credentialpassword,user_credentialstatus from UserCredentials where user_credentialname=?"
				authorities-by-username-query="select user_credentialname,user_credentialrole from UserCredentials where user_credentialname=?" />
		</security:authentication-provider>
	</security:authentication-manager>
</beans:beans>